POS_RK,POS_TIERS,PLAYER NAME,TEAM,FAN PTS,PASS_COMP,PASS_ATT,PASS_PCT,YDS,PASS_TDS,PASS_INT,RUSH_ATT,RUSH_YDS,RUSH_TDS,SACK
1,1,JOSH ALLEN,BUF,410.6,385,579,66%,4306,29,18,111,524,15,24
2,1,JALEN HURTS,PHI,371.8,352,538,65%,3858,23,15,157,605,15,36
3,1,PATRICK MAHOMES,KC,294.2,401,597,67%,4183,27,14,75,389,0,27
4,1,LAMAR JACKSON,BAL,338.2,307,457,67%,3678,24,7,148,821,5,37
5,2,ANTHONY RICHARDSON,IND,73.7,50,84,60%,577,3,1,25,136,4,7
6,2,CJ STROUD,HOU,280,319,499,64%,4108,23,5,39,167,3,38
7,2,KYLER MURRAY,ARI,151.4,176,268,66%,1799,10,5,44,244,3,18
8,2,JOE BURROW,CIN,153.2,244,365,67%,2309,15,6,31,88,0,24
9,2,DAK PRESCOTT,DAL,351.8,410,590,69%,4516,36,9,55,242,2,39
10,3,JORDAN LOVE,GB,330.1,372,579,64%,4159,32,11,50,247,4,30
11,3,BROCK PURDY,SF,306.6,308,444,69%,4280,31,11,39,144,2,28
12,3,JAYDEN DANIELS,WAS,0,0,0,0,0,0,0,0,0,0,0
13,3,TUA TAGOVAILOA,MIA,284.4,388,560,69%,4624,29,14,35,74,0,29
14,3,JARED GOFF,DET,303.1,407,605,67%,4575,30,12,32,21,2,30
15,3,TREVOR LAWRENCE,JAC,276.5,370,564,66%,4016,21,14,70,339,4,35
16,3,CALEB WILLIAMS,CHI,0,0,0,0,0,0,0,0,0,0,0
17,3,JUSTIN HERBERT,LAC,240.2,297,456,65%,3134,20,7,52,228,3,29
18,4,KIRK COUSINS,ATL,154.7,216,311,69%,2331,18,5,14,25,0,17
19,4,MATTHEW STAFFORD,LAR,254.1,326,521,63%,3965,24,11,21,65,0,30
20,4,AARON RODGERS,NYJ,0,0,1,0%,0,0,0,0,0,0,1
21,4,DESHAUN WATSON,CLE,90.8,105,171,61%,1115,7,4,26,142,1,17
22,4,BAKER MAYFIELD,TB,284.1,364,566,64%,4044,28,10,62,163,1,40
23,4,GENO SMITH,SEA,235.3,323,499,65%,3624,20,9,37,155,1,31
24,4,WILL LEVIS,TEN,106,149,255,58%,1808,8,4,25,57,1,28
25,4,DEREK CARR,NO,249.1,375,548,68%,3878,25,8,32,40,0,31
26,4,DANIEL JONES,NYG,63,108,160,68%,909,2,6,40,206,1,30
27,4,BRYCE YOUNG,CAR,166.4,315,527,60%,2877,11,10,39,253,0,62
28,4,RUSSELL WILSON,PIT,264.9,297,447,66%,3070,26,8,80,341,3,45
29,4,BO NIX,DEN,0,0,0,0,0,0,0,0,0,0,0
30,4,JJ MCCARTHY,MIN,0,0,0,0,0,0,0,0,0,0,0
31,4,DRAKE MAYE,NE,0,0,0,0,0,0,0,0,0,0,0
32,5,JUSTIN FIELDS,PIT,239.2,227,370,61%,2562,16,9,124,657,4,44
33,5,SAM DARNOLD,MIN,24.4,28,46,61%,297,2,1,21,15,1,6
34,5,GARDNER MINSHEW,LV,205.2,305,490,62%,3305,15,9,34,100,3,34
35,5,AIDAN OCONNELL,LV,132.8,213,343,62%,2218,12,7,17,11,1,24
36,5,JACOBY BRISSETT,NE,22.9,18,23,78%,224,3,0,3,19,0,0
37,5,MICHAEL PENIX,ATL,0,0,0,0,0,0,0,0,0,0,0
38,6,SAM HOWELL,SEA,277.5,388,612,63%,3946,21,21,48,263,5,65
39,6,DREW LOCK,NYG,32.1,48,76,63%,543,3,3,5,14,0,6
40,6,JOE FLACCO,IND,108.8,123,204,60%,1616,13,8,9,2,0,8
41,6,JAMEIS WINSTON,CLE,15,25,47,53%,264,2,3,5,-6,0,2
42,6,JARRETT STIDHAM,DEN,27.6,40,66,61%,496,2,1,9,8,0,7
43,6,JAKE BROWNING,CIN,150.4,171,243,70%,1936,12,7,27,127,3,24
44,6,KENNY PICKETT,PHI,114.2,201,324,62%,2070,6,4,42,54,1,23
45,6,TYROD TAYLOR,NYJ,90.3,116,180,64%,1341,5,3,38,197,0,17
46,6,JOSHUA DOBBS,SF,210.7,262,417,63%,2464,13,10,77,421,6,30
47,6,MAC JONES,JAC,118.4,224,345,65%,2120,10,12,26,96,0,22
48,6,CARSON WENTZ,KC,27.1,17,24,71%,163,2,1,17,56,1,2
49,6,DESMOND RIDDER,ARI,188.1,249,388,64%,2836,12,12,53,193,5,31
50,6,ZACH WILSON,DEN,126.9,221,368,60%,2271,8,7,36,211,0,46
51,7,JIMMY GAROPPOLO,LAR,73.1,110,169,65%,1205,7,9,20,39,0,14
52,7,MARCUS MARIOTA,WAS,12.8,15,23,65%,164,1,1,8,52,0,3
53,7,ANDY DALTON,CAR,23.6,34,58,59%,361,2,0,3,12,0,3
54,7,MIKE WHITE,MIA,3.1,5,6,83%,74,1,1,8,-9,0,0
55,7,TREY LANCE,DAL,0,0,0,0,0,0,0,0,0,0,0
56,7,SPENCER RATTLER,NO,0,0,0,0,0,0,0,0,0,0,0
57,7,HENDON HOOKER,DET,0,0,0,0,0,0,0,0,0,0,0
58,7,JOSH JOHNSON,BAL,0,0,0,0,0,0,0,0,0,0,0
59,7,KYLE TRASK,TB,-0.1,0,1,0%,0,0,0,1,-1,0,0
60,7,MALIK WILLIS,TEN,3.1,4,5,80%,74,0,0,5,21,0,4
61,7,MITCHELL TRUBISKY,BUF,53.7,67,107,63%,632,4,5,16,54,2,7
62,7,MASON RUDOLPH,TEN,39.6,55,74,74%,719,3,0,10,8,0,6
63,7,EASTON STICK,LAC,68.1,111,174,64%,1129,3,1,27,144,1,14
64,7,TYSON BAGENT,CHI,59.3,94,143,66%,859,3,6,23,109,2,5
65,7,DORIAN THOMPSON-ROBINSON,CLE,26.1,60,112,54%,440,1,4,14,65,0,6
66,7,DAVIS MILLS,HOU,17.8,18,39,46%,173,2,0,2,9,0,2
67,7,SEAN CLIFFORD,GB,1.3,1,1,100%,37,0,0,3,-2,0,0
68,7,TAYLOR HEINICKE,ATL,70,74,136,54%,890,5,4,15,124,1,8
69,7,TYLER HUNTLEY,CLE,25.6,21,37,57%,203,3,0,15,55,0,4
70,7,JAKE HAENER,NO,0,0,0,0,0,0,0,0,0,0,0
71,7,STETSON BENNETT,LAR,0,0,0,0,0,0,0,0,0,0,0
72,7,CASE KEENUM,HOU,12.7,34,53,64%,291,1,3,2,1,0,6
73,7,COOPER RUSH,DAL,4.3,18,24,75%,144,0,1,12,-5,0,1
74,7,BAILEY ZAPPE,NE,78.2,127,212,60%,1272,6,9,17,83,1,25
75,7,CLAYTON TUNE,ARI,9.5,12,21,57%,62,0,2,8,30,1,7
76,8,JAREN HALL,MIN,3.1,13,20,65%,168,0,1,6,14,0,4
77,8,NICK MULLENS,MIN,74.7,100,148,68%,1306,7,8,10,25,0,12
78,8,RYAN TANNEHILL,FA,87,149,230,65%,1616,4,7,17,74,1,32
79,8,SKYLAR THOMPSON,MIA,0,0,0,NaN%,0,0,0,0,0,0,0
80,8,MICHAEL PRATT,GB,0,0,0,0,0,0,0,0,0,0,0
81,8,TOMMY DEVITO,NYG,96.5,114,178,64%,1101,8,3,36,195,1,37
82,8,CJ BEATHARD,JAC,21.5,40,53,75%,349,1,0,8,35,0,6
83,8,DEVIN LEARY,BAL,0,0,0,0,0,0,0,0,0,0,0
84,8,JORDAN TRAVIS,NYJ,0,0,0,0,0,0,0,0,0,0,0
85,8,TANNER MCKEE,PHI,0,0,0,0,0,0,0,0,0,0,0
86,8,JOE MILTON,NE,0,0,0,0,0,0,0,0,0,0,0
87,8,NATE SUDFELD,DET,0,0,0,0,0,0,0,0,0,0,0
88,8,KYLE ALLEN,PIT,-1.3,0,0,NaN%,0,0,0,13,-13,0,0
89,8,BRETT RYPIEN,CHI,5.8,18,38,47%,172,0,1,3,19,0,2
90,8,TREVOR SIEMIAN,FA,31,86,153,56%,724,2,4,11,40,0,8
91,8,BRANDON ALLEN,SF,0,0,0,0,0,0,0,0,0,0,0
92,8,DEVONTEZ WALKER,SEA,25,54,111,49%,674,1,5,13,30,0,11
93,8,MATT BARKLEY,FA,-0.3,0,0,NaN%,0,0,0,3,-3,0,0
94,9,TIM BOYLE,HOU,14.9,48,77,62%,360,1,4,4,5,0,9
95,9,MALIK CUNNINGHAM,BAL,0,0,0,NaN%,0,0,0,0,0,0,1
96,9,MAX DUGGAN,LAC,0,0,0,NaN%,0,0,0,0,0,0,0
97,9,BRIAN HOYER,FA,6.9,23,42,55%,231,0,2,3,-3,0,1
98,9,BLAINE GABBERT,FA,8.9,18,35,51%,185,0,3,7,45,0,1
99,9,JEFF DRISKEL,WAS,15.9,13,26,50%,166,2,2,7,33,0,3
100,9,SAM EHLINGER,IND,0,0,0,NaN%,0,0,0,0,0,0,0
101,9,LOGAN WOODSIDE,CIN,0.7,3,4,75%,27,0,1,1,6,0,1
102,9,JOHN WOLFORD,TB,0,0,0,0,0,0,0,0,0,0,0
103,9,NATHAN PETERMAN,FA,-0.4,0,0,NaN%,0,0,0,2,-4,0,1
104,9,AJ MCCARRON,FA,0.8,4,5,80%,19,0,0,0,0,0,1
105,9,WILL GRIER,PHI,0,0,0,0,0,0,0,0,0,0,0
106,9,TERRENCE FRANKS,CAR,0,0,0,0,0,0,0,0,0,0,0
107,9,SHANE BUECHELE,BUF,0,0,0,0,0,0,0,0,0,0,0
108,9,JAKE FROMM,FA,0,0,0,0,0,0,0,0,0,0,0
109,9,BEN RAIMONDI,FA,0,0,0,0,0,0,0,0,0,0,0
110,9,SCOTT MACDONELL,FA,0,0,0,0,0,0,0,0,0,0,0
