PLAYER NAME,AVG_RK,AVG_FAN PTS,AVG_PASS_ATT,AVG_PASS_COMP,AVG_PASS_INT,AVG_PASS_PCT,AVG_PASS_TDS,AVG_RUSH_ATT,AVG_RUSH_TDS,AVG_RUSH_YDS,AVG_SACK,AVG_YDS,BEST_RK,FAN PTS,PASS_ATT,PASS_COMP,PASS_INT,PASS_PCT,PASS_TDS,RUSH_ATT,RUSH_TDS,RUSH_YDS,SACK,STD.DEV_RK,TEAM,WORST_RK,YDS,FULL_SOS,SEASON_SOS,PLAYOFF_SOS,BOOM,BUST,STARTER,DEPTH
JOSH ALLEN,0.7,24.2,34.1,22.6,1.1,66%,1.7,6.5,0.9,30.8,1.4,253.3,4,410.6,579.0,385.0,18.0,66%,29.0,111.0,15.0,524.0,24.0,0,BUF,1.4,4306.0,16,12,19,25,6,75,1
JALEN HURTS,1.0,21.9,31.6,20.7,0.9,65%,1.4,9.2,0.9,35.6,2.1,226.9,6,371.8,538.0,352.0,15.0,65%,23.0,157.0,15.0,605.0,36.0,0,PHI,2.3,3858.0,17,16,13,19,13,88,1
PATRICK MAHOMES,1.2,18.4,37.3,25.1,0.9,67%,1.7,4.7,0.0,24.3,1.7,261.4,6,294.2,597.0,401.0,14.0,67%,27.0,75.0,0.0,389.0,27.0,0,KC,3.3,4183.0,7,5,21,6,19,38,1
LAMAR JACKSON,1.1,21.1,28.6,19.2,0.4,67%,1.5,9.3,0.3,51.3,2.3,229.9,8,338.2,457.0,307.0,7.0,67%,24.0,148.0,5.0,821.0,37.0,0,BAL,3.6,3678.0,8,6,17,31,25,56,1
CJ STROUD,1.4,18.7,33.3,21.3,0.3,64%,1.5,2.6,0.2,11.1,2.5,273.9,10,280.0,499.0,319.0,5.0,64%,23.0,39.0,3.0,167.0,38.0,0,HOU,5.7,4108.0,27,23,28,14,36,43,1
ANTHONY RICHARDSON,2.3,18.4,21.0,12.5,0.3,60%,0.8,6.3,1.0,34.0,1.8,144.3,19,73.7,84.0,50.0,1.0,60%,3.0,25.0,4.0,136.0,7.0,0,IND,6.3,577.0,26,27,16,25,25,50,1
JOE BURROW,1.3,15.3,36.5,24.4,0.6,67%,1.5,3.1,0.0,8.8,2.4,230.9,12,153.2,365.0,244.0,6.0,67%,15.0,31.0,0.0,88.0,24.0,0,CIN,7.8,2309.0,30,32,26,10,40,40,1
DAK PRESCOTT,1.7,20.7,34.7,24.1,0.5,69%,2.1,3.2,0.1,14.2,2.3,265.6,11,351.8,590.0,410.0,9.0,69%,36.0,55.0,2.0,242.0,39.0,+1,DAL,7.9,4516.0,2,8,3,31,25,56,1
KYLER MURRAY,1.9,18.9,33.5,22.0,0.6,66%,1.3,5.5,0.4,30.5,2.3,224.9,13,151.4,268.0,176.0,5.0,66%,10.0,44.0,3.0,244.0,18.0,+1,ARI,8.6,1799.0,10,13,9,0,14,57,1
JORDAN LOVE,1.9,19.4,34.1,21.9,0.6,64%,1.9,2.9,0.2,14.5,1.8,244.6,15,330.1,579.0,372.0,11.0,64%,32.0,50.0,4.0,247.0,30.0,-2,GB,10.0,4159.0,6,1,22,6,19,63,1
BROCK PURDY,1.3,19.2,27.8,19.3,0.7,69%,1.9,2.4,0.1,9.0,1.8,267.5,15,306.6,444.0,308.0,11.0,69%,31.0,39.0,2.0,144.0,28.0,0,SF,11.3,4280.0,1,3,4,6,19,56,1
TUA TAGOVAILOA,2.2,16.7,32.9,22.8,0.8,69%,1.7,2.1,0.0,4.4,1.7,272.0,21,284.4,560.0,388.0,14.0,69%,29.0,35.0,0.0,74.0,29.0,+2,MIA,13.8,4624.0,32,30,32,13,38,44,1
JAYDEN DANIELS,3.7,0.0,0.0,0.0,0.0,0,0.0,0.0,0.0,0.0,0.0,0.0,25,0.0,0.0,0.0,0.0,0,0.0,0.0,0.0,0.0,0.0,+4,WAS,14.6,0.0,13,2,29,0,0,0,1
JARED GOFF,2.0,17.8,35.6,23.9,0.7,67%,1.8,1.9,0.1,1.2,1.8,269.1,19,303.1,605.0,407.0,12.0,67%,30.0,32.0,2.0,21.0,30.0,-2,DET,14.7,4575.0,23,25,20,13,44,38,1
CALEB WILLIAMS,2.9,0.0,0.0,0.0,0.0,0,0.0,0.0,0.0,0.0,0.0,0.0,24,0.0,0.0,0.0,0.0,0,0.0,0.0,0.0,0.0,0.0,0,CHI,14.9,0.0,4,4,12,0,0,0,1
JUSTIN HERBERT,2.8,18.5,35.1,22.8,0.5,65%,1.5,4.0,0.2,17.5,2.2,241.1,20,240.2,456.0,297.0,7.0,65%,20.0,52.0,3.0,228.0,29.0,-3,LAC,15.3,3134.0,29,31,25,15,38,62,1
TREVOR LAWRENCE,2.1,17.3,35.3,23.1,0.9,66%,1.3,4.4,0.3,21.2,2.2,251.0,20,276.5,564.0,370.0,14.0,66%,21.0,70.0,4.0,339.0,35.0,-1,JAC,16.0,4016.0,31,28,31,7,20,33,1
KIRK COUSINS,2.5,19.3,38.9,27.0,0.6,69%,2.3,1.8,0.0,3.1,2.1,291.4,23,154.7,311.0,216.0,5.0,69%,18.0,14.0,0.0,25.0,17.0,0,ATL,17.1,2331.0,14,7,27,13,25,63,1
MATTHEW STAFFORD,1.7,16.9,34.7,21.7,0.7,63%,1.6,1.4,0.0,4.3,2.0,264.3,23,254.1,521.0,326.0,11.0,63%,24.0,21.0,0.0,65.0,30.0,+1,LAR,18.4,3965.0,20,17,15,0,27,27,1
AARON RODGERS,1.8,0.0,1.0,0.0,0.0,0%,0.0,0.0,0.0,0.0,1.0,0.0,24,0.0,1.0,0.0,0.0,0%,0.0,0.0,0.0,0.0,1.0,-1,NYJ,20.0,0.0,15,15,11,0,100,0,1
DESHAUN WATSON,2.6,15.1,28.5,17.5,0.7,61%,1.2,4.3,0.2,23.7,2.8,185.8,28,90.8,171.0,105.0,4.0,61%,7.0,26.0,1.0,142.0,17.0,0,CLE,21.3,1115.0,25,26,18,0,33,50,1
BAKER MAYFIELD,1.6,16.7,33.3,21.4,0.6,64%,1.6,3.6,0.1,9.6,2.4,237.9,26,284.1,566.0,364.0,10.0,64%,28.0,62.0,1.0,163.0,40.0,0,TB,22.1,4044.0,22,11,24,6,31,44,1
GENO SMITH,2.0,15.7,33.3,21.5,0.6,65%,1.3,2.5,0.1,10.3,2.1,241.6,28,235.3,499.0,323.0,9.0,65%,20.0,37.0,1.0,155.0,31.0,0,SEA,23.3,3624.0,12,19,7,7,43,21,1
WILL LEVIS,2.0,11.8,28.3,16.6,0.4,58%,0.9,2.8,0.1,6.3,3.1,200.9,28,106.0,255.0,149.0,4.0,58%,8.0,25.0,1.0,57.0,28.0,0,TEN,24.3,1808.0,18,24,5,0,67,11,1
DEREK CARR,1.9,14.7,32.2,22.1,0.5,68%,1.5,1.9,0.0,2.4,1.8,228.1,31,249.1,548.0,375.0,8.0,68%,25.0,32.0,0.0,40.0,31.0,0,NO,26.4,3878.0,11,18,8,0,44,13,1
JJ MCCARTHY,3.2,0.0,0.0,0.0,0.0,0,0.0,0.0,0.0,0.0,0.0,0.0,34,0.0,0.0,0.0,0.0,0,0.0,0.0,0.0,0.0,0.0,+2,MIN,26.9,0.0,3,10,2,0,0,0,1
DANIEL JONES,2.4,10.5,26.7,18.0,1.0,68%,0.3,6.7,0.2,34.3,5.0,151.5,34,63.0,160.0,108.0,6.0,68%,2.0,40.0,1.0,206.0,30.0,+2,NYG,27.1,909.0,9,22,1,17,83,17,1
BRYCE YOUNG,2.0,10.4,32.9,19.7,0.6,60%,0.7,2.4,0.0,15.8,3.9,179.8,32,166.4,527.0,315.0,10.0,60%,11.0,39.0,0.0,253.0,62.0,-1,CAR,27.6,2877.0,5,9,6,0,80,13,1
RUSSELL WILSON,2.7,17.7,29.8,19.8,0.5,66%,1.7,5.3,0.2,22.7,3.0,204.7,32,264.9,447.0,297.0,8.0,66%,26.0,80.0,3.0,341.0,45.0,+1,PIT,28.0,3070.0,28,29,23,7,13,40,1
DRAKE MAYE,2.2,0.0,0.0,0.0,0.0,0,0.0,0.0,0.0,0.0,0.0,0.0,36,0.0,0.0,0.0,0.0,0,0.0,0.0,0.0,0.0,0.0,+2,NE,30.2,0.0,24,14,30,0,0,0,1
BO NIX,2.3,0.0,0.0,0.0,0.0,0,0.0,0.0,0.0,0.0,0.0,0.0,34,0.0,0.0,0.0,0.0,0,0.0,0.0,0.0,0.0,0.0,0,DEN,30.8,0.0,19,20,10,0,0,0,1
JUSTIN FIELDS,5.2,18.4,28.5,17.5,0.7,61%,1.2,9.5,0.3,50.5,3.4,197.1,38,239.2,370.0,227.0,9.0,61%,16.0,124.0,4.0,657.0,44.0,-6,PIT,30.9,2562.0,28,29,23,17,33,50,2
GARDNER MINSHEW,2.4,12.8,30.6,19.1,0.6,62%,0.9,2.1,0.2,6.3,2.1,206.6,39,205.2,490.0,305.0,9.0,62%,15.0,34.0,3.0,100.0,34.0,0,LV,31.7,3305.0,21,21,14,7,60,20,1
SAM DARNOLD,2.8,2.4,4.6,2.8,0.1,61%,0.2,2.1,0.1,1.5,0.6,29.7,46,24.4,46.0,28.0,1.0,61%,2.0,21.0,1.0,15.0,6.0,+1,MIN,34.9,297.0,3,10,2,0,100,0,2
AIDAN OCONNELL,2.1,12.1,31.2,19.4,0.6,62%,1.1,1.5,0.1,1.0,2.2,201.6,38,132.8,343.0,213.0,7.0,62%,12.0,17.0,1.0,11.0,24.0,-1,LV,35.1,2218.0,21,21,14,0,80,20,2
MICHAEL PENIX,5.7,0.0,0.0,0.0,0.0,0,0.0,0.0,0.0,0.0,0.0,0.0,69,0.0,0.0,0.0,0.0,0,0.0,0.0,0.0,0.0,0.0,+1,ATL,36.9,0.0,14,7,27,0,0,0,2
JACOBY BRISSETT,5.3,7.6,7.7,6.0,0.0,78%,1.0,1.0,0.0,6.3,0.0,74.7,64,22.9,23.0,18.0,0.0,78%,3.0,3.0,0.0,19.0,0.0,-1,NE,36.5,224.0,24,14,30,0,100,0,2
SAM HOWELL,2.5,16.3,36.0,22.8,1.2,63%,1.2,2.8,0.3,15.5,3.8,232.1,45,277.5,612.0,388.0,21.0,63%,21.0,48.0,5.0,263.0,65.0,0,SEA,38.0,3946.0,12,19,7,6,31,50,2
DREW LOCK,2.8,8.0,19.0,12.0,0.8,63%,0.8,1.3,0.0,3.5,1.5,135.8,46,32.1,76.0,48.0,3.0,63%,3.0,5.0,0.0,14.0,6.0,+3,NYG,38.7,543.0,9,22,1,0,75,0,2
KENNY PICKETT,5.8,9.5,27.0,16.8,0.3,62%,0.5,3.5,0.1,4.5,1.9,172.5,57,114.2,324.0,201.0,4.0,62%,6.0,42.0,1.0,54.0,23.0,+8,PHI,40.7,2070.0,17,16,13,0,83,0,2
JOE FLACCO,6.6,21.8,40.8,24.6,1.6,60%,2.6,1.8,0.0,0.4,1.6,323.2,67,108.8,204.0,123.0,8.0,60%,13.0,9.0,0.0,2.0,8.0,-2,IND,42.6,1616.0,26,27,16,20,0,80,2
JAMEIS WINSTON,2.5,2.1,6.7,3.6,0.4,53%,0.3,0.7,0.0,-0.9,0.3,37.7,45,15.0,47.0,25.0,3.0,53%,2.0,5.0,0.0,-6.0,2.0,-2,CLE,40.6,264.0,25,26,18,0,100,0,2
JARRETT STIDHAM,4.5,9.2,22.0,13.3,0.3,61%,0.7,3.0,0.0,2.7,2.3,165.3,55,27.6,66.0,40.0,1.0,61%,2.0,9.0,0.0,8.0,7.0,+3,DEN,42.4,496.0,19,20,10,0,100,0,0
ZACH WILSON,9.8,10.6,30.7,18.4,0.6,60%,0.7,3.0,0.0,17.6,3.8,189.3,73,126.9,368.0,221.0,7.0,60%,8.0,36.0,0.0,211.0,46.0,-,DEN,46.6,2271.0,19,20,10,0,75,17,2
JAKE BROWNING,4.2,16.7,27.0,19.0,0.8,70%,1.3,3.0,0.3,14.1,2.7,215.1,55,150.4,243.0,171.0,7.0,70%,12.0,27.0,3.0,127.0,24.0,-,CIN,43.8,1936.0,30,32,26,0,38,50,2
MAC JONES,10.5,10.8,31.4,20.4,1.1,65%,0.9,2.4,0.0,8.7,2.0,192.7,77,118.4,345.0,224.0,12.0,65%,10.0,26.0,0.0,96.0,22.0,-,JAC,51.4,2120.0,31,28,31,0,73,18,2
SPENCER RATTLER,10.0,0.0,0.0,0.0,0.0,0,0.0,0.0,0.0,0.0,0.0,0.0,75,0.0,0.0,0.0,0.0,0,0.0,0.0,0.0,0.0,0.0,-,NO,48.8,0.0,11,18,8,0,0,0,3
MARCUS MARIOTA,7.7,4.3,7.7,5.0,0.3,65%,0.3,2.7,0.0,17.3,1.0,54.7,72,12.8,23.0,15.0,1.0,65%,1.0,8.0,0.0,52.0,3.0,-1,WAS,52.2,164.0,13,2,29,0,100,0,2
ANDY DALTON,7.2,7.9,19.3,11.3,0.0,59%,0.7,1.0,0.0,4.0,1.0,120.3,66,23.6,58.0,34.0,0.0,59%,2.0,3.0,0.0,12.0,3.0,-,CAR,53.8,361.0,5,9,6,0,50,50,2
JIMMY GAROPPOLO,4.3,10.4,24.1,15.7,1.3,65%,1.0,2.9,0.0,5.6,2.0,172.1,59,73.1,169.0,110.0,9.0,65%,7.0,20.0,0.0,39.0,14.0,-,LAR,50.0,1205.0,20,17,15,0,67,17,2
TYROD TAYLOR,4.7,8.2,16.4,10.5,0.3,64%,0.5,3.5,0.0,17.9,1.5,121.9,61,90.3,180.0,116.0,3.0,64%,5.0,38.0,0.0,197.0,17.0,-10,NYJ,49.7,1341.0,15,15,11,0,78,22,2
DESMOND RIDDER,5.3,12.5,25.9,16.6,0.8,64%,0.8,3.5,0.3,12.9,2.1,189.1,63,188.1,388.0,249.0,12.0,64%,12.0,53.0,5.0,193.0,31.0,-,ARI,55.5,2836.0,10,13,9,0,71,29,2
TREY LANCE,19.9,0.0,0.0,0.0,0.0,0,0.0,0.0,0.0,0.0,0.0,0.0,109,0.0,0.0,0.0,0.0,0,0.0,0.0,0.0,0.0,0.0,-9,DAL,53.8,0.0,2,8,3,0,0,0,3
JOSHUA DOBBS,4.9,16.2,32.1,20.2,0.8,63%,1.0,5.9,0.5,32.4,2.3,189.5,62,210.7,417.0,262.0,10.0,63%,13.0,77.0,6.0,421.0,30.0,-,SF,51.4,2464.0,1,3,4,0,38,38,3
JORDAN TRAVIS,15.6,0.0,0.0,0.0,0.0,0,0.0,0.0,0.0,0.0,0.0,0.0,93,0.0,0.0,0.0,0.0,0,0.0,0.0,0.0,0.0,0.0,-,NYJ,61.0,0.0,15,15,11,0,0,0,3
HENDON HOOKER,3.7,0.0,0.0,0.0,0.0,0,0.0,0.0,0.0,0.0,0.0,0.0,65,0.0,0.0,0.0,0.0,0,0.0,0.0,0.0,0.0,0.0,-13,DET,57.1,0.0,23,25,20,0,0,0,2
TYSON BAGENT,3.1,11.9,28.6,18.8,1.2,66%,0.6,4.6,0.4,21.8,1.0,171.8,64,59.3,143.0,94.0,6.0,66%,3.0,23.0,2.0,109.0,5.0,-,CHI,58.8,859.0,4,4,12,0,80,20,2
CARSON WENTZ,9.5,13.6,12.0,8.5,0.5,71%,1.0,8.5,0.5,28.0,1.0,81.5,79,27.1,24.0,17.0,1.0,71%,2.0,17.0,1.0,56.0,2.0,-,KC,60.5,163.0,7,5,21,0,100,0,2
MIKE WHITE,4.6,0.5,1.0,0.8,0.2,83%,0.2,1.3,0.0,-1.5,0.0,12.3,62,3.1,6.0,5.0,1.0,83%,1.0,8.0,0.0,-9.0,0.0,-,MIA,55.6,74.0,32,30,32,0,100,0,2
KYLE TRASK,10.8,-0.1,0.5,0.0,0.0,0%,0.0,0.5,0.0,-0.5,0.0,0.0,83,-0.1,1.0,0.0,0.0,0%,0.0,1.0,0.0,-1.0,0.0,-,TB,62.4,0.0,22,11,24,0,100,0,2
RYAN TANNEHILL,8.7,9.7,25.6,16.6,0.8,65%,0.4,1.9,0.1,8.2,3.6,179.6,73,87.0,230.0,149.0,7.0,65%,4.0,17.0,1.0,74.0,32.0,-,FA,61.0,1616.0,33,33,33,0,88,13,0
DAVIS MILLS,6.5,3.0,6.5,3.0,0.0,46%,0.3,0.3,0.0,1.5,0.3,28.8,76,17.8,39.0,18.0,0.0,46%,2.0,2.0,0.0,9.0,2.0,-,HOU,64.3,173.0,27,23,28,0,83,0,2
EASTON STICK,5.2,13.6,34.8,22.2,0.2,64%,0.6,5.4,0.2,28.8,2.8,225.8,75,68.1,174.0,111.0,1.0,64%,3.0,27.0,1.0,144.0,14.0,-,LAC,68.4,1129.0,29,31,25,0,50,0,2
TYLER HUNTLEY,9.5,5.1,7.4,4.2,0.0,57%,0.6,3.0,0.0,11.0,0.8,40.6,73,25.6,37.0,21.0,0.0,57%,3.0,15.0,0.0,55.0,4.0,-,CLE,59.5,203.0,25,26,18,0,100,0,0
MALIK WILLIS,9.8,1.0,1.7,1.3,0.0,80%,0.0,1.7,0.0,7.0,1.3,24.7,88,3.1,5.0,4.0,0.0,80%,0.0,5.0,0.0,21.0,4.0,-,TEN,68.6,74.0,18,24,5,0,100,0,3
MASON RUDOLPH,3.1,9.9,18.5,13.8,0.0,74%,0.8,2.5,0.0,2.0,1.5,179.8,67,39.6,74.0,55.0,0.0,74%,3.0,10.0,0.0,8.0,6.0,-,TEN,60.8,719.0,18,24,5,0,67,33,2
JOSH JOHNSON,11.8,0.0,0.0,0.0,0.0,0,0.0,0.0,0.0,0.0,0.0,0.0,78,0.0,0.0,0.0,0.0,0,0.0,0.0,0.0,0.0,0.0,-,BAL,62.3,0.0,8,6,17,0,0,0,2
SEAN CLIFFORD,9.3,0.7,0.5,0.5,0.0,100%,0.0,1.5,0.0,-1.0,0.0,18.5,70,1.3,1.0,1.0,0.0,100%,0.0,3.0,0.0,-2.0,0.0,-,GB,58.0,37.0,6,1,22,0,100,0,2
TAYLOR HEINICKE,6.4,14.0,27.2,14.8,0.8,54%,1.0,3.0,0.2,24.8,1.6,178.0,78,70.0,136.0,74.0,4.0,54%,5.0,15.0,1.0,124.0,8.0,-,ATL,69.6,890.0,14,7,27,0,60,0,3
MICHAEL PRATT,7.3,0.0,0.0,0.0,0.0,0,0.0,0.0,0.0,0.0,0.0,0.0,86,0.0,0.0,0.0,0.0,0,0.0,0.0,0.0,0.0,0.0,-,GB,71.0,0.0,6,1,22,0,0,0,0
MITCHELL TRUBISKY,3.7,10.7,21.4,13.4,1.0,63%,0.8,3.2,0.4,10.8,1.4,126.4,67,53.7,107.0,67.0,5.0,63%,4.0,16.0,2.0,54.0,7.0,-,BUF,62.4,632.0,16,12,19,0,60,20,2
TOMMY DEVITO,6.5,9.7,17.8,11.4,0.3,64%,0.8,3.6,0.1,19.5,3.7,110.1,78,96.5,178.0,114.0,3.0,64%,8.0,36.0,1.0,195.0,37.0,-,NYG,68.2,1101.0,9,22,1,0,67,11,3
NICK MULLENS,5.2,14.9,29.6,20.0,1.6,68%,1.4,2.0,0.0,5.0,2.4,261.2,82,74.7,148.0,100.0,8.0,68%,7.0,10.0,0.0,25.0,12.0,-,MIN,71.2,1306.0,3,10,2,0,50,50,0
DORIAN THOMPSON-ROBINSON,6.1,3.3,14.0,7.5,0.5,54%,0.1,1.8,0.0,8.1,0.8,55.0,80,26.1,112.0,60.0,4.0,54%,1.0,14.0,0.0,65.0,6.0,-,CLE,71.5,440.0,25,26,18,0,100,0,0
CLAYTON TUNE,7.1,1.2,2.6,1.5,0.3,57%,0.0,1.0,0.1,3.8,0.9,7.8,87,9.5,21.0,12.0,2.0,57%,0.0,8.0,1.0,30.0,7.0,-,ARI,75.6,62.0,10,13,9,0,100,0,3
SKYLAR THOMPSON,10.9,0.0,0.0,0.0,0.0,NaN%,0.0,0.0,0.0,0.0,0.0,0.0,98,0.0,0.0,0.0,0.0,NaN%,0.0,0.0,0.0,0.0,0.0,-,MIA,76.3,0.0,32,30,32,0,0,0,0
STETSON BENNETT,10.3,0.0,0.0,0.0,0.0,0,0.0,0.0,0.0,0.0,0.0,0.0,90,0.0,0.0,0.0,0.0,0,0.0,0.0,0.0,0.0,0.0,-,LAR,75.2,0.0,20,17,15,0,0,0,0
COOPER RUSH,13.6,0.5,3.0,2.3,0.1,75%,0.0,1.5,0.0,-0.6,0.1,18.0,85,4.3,24.0,18.0,1.0,75%,0.0,12.0,0.0,-5.0,1.0,-33,DAL,71.8,144.0,2,8,3,0,100,0,2
BLAINE GABBERT,14.8,4.5,17.5,9.0,1.5,51%,0.0,3.5,0.0,22.5,0.5,92.5,94,8.9,35.0,18.0,3.0,51%,0.0,7.0,0.0,45.0,1.0,-,KC,72.8,185.0,7,5,21,0,100,0,0
DEVIN LEARY,14.1,0.0,0.0,0.0,0.0,0,0.0,0.0,0.0,0.0,0.0,0.0,108,0.0,0.0,0.0,0.0,0,0.0,0.0,0.0,0.0,0.0,-,BAL,78.7,0.0,8,6,17,0,0,0,0
CASE KEENUM,6.9,6.3,26.5,17.0,1.5,64%,0.5,1.0,0.0,0.5,3.0,145.5,91,12.7,53.0,34.0,3.0,64%,1.0,2.0,0.0,1.0,6.0,-,HOU,77.8,291.0,27,23,28,0,100,0,3
BAILEY ZAPPE,11.8,7.8,21.2,12.7,0.9,60%,0.6,1.7,0.1,8.3,2.5,127.2,94,78.2,212.0,127.0,9.0,60%,6.0,17.0,1.0,83.0,25.0,-,NE,75.4,1272.0,24,14,30,0,67,11,0
JOE MILTON,12.8,0.0,0.0,0.0,0.0,0,0.0,0.0,0.0,0.0,0.0,0.0,107,0.0,0.0,0.0,0.0,0,0.0,0.0,0.0,0.0,0.0,-,NE,80.7,0.0,24,14,30,0,0,0,0
CJ BEATHARD,7.7,2.7,6.6,5.0,0.0,75%,0.1,1.0,0.0,4.4,0.8,43.6,93,21.5,53.0,40.0,0.0,75%,1.0,8.0,0.0,35.0,6.0,-,JAC,79.2,349.0,31,28,31,0,100,0,0
JAREN HALL,9.7,1.0,6.7,4.3,0.3,65%,0.0,2.0,0.0,4.7,1.3,56.0,105,3.1,20.0,13.0,1.0,65%,0.0,6.0,0.0,14.0,4.0,-,MIN,86.5,168.0,3,10,2,0,100,0,0
TREVOR SIEMIAN,10.3,6.2,30.6,17.2,0.8,56%,0.4,2.2,0.0,8.0,1.6,144.8,106,31.0,153.0,86.0,4.0,56%,2.0,11.0,0.0,40.0,8.0,-,FA,85.3,724.0,33,33,33,0,75,0,0
JAKE HAENER,6.6,0.0,0.0,0.0,0.0,0,0.0,0.0,0.0,0.0,0.0,0.0,90,0.0,0.0,0.0,0.0,0,0.0,0.0,0.0,0.0,0.0,-,NO,81.4,0.0,11,18,8,0,0,0,0
KYLE ALLEN,5.1,-0.2,0.0,0.0,0.0,NaN%,0.0,1.9,0.0,-1.9,0.0,0.0,92,-1.3,0.0,0.0,0.0,NaN%,0.0,13.0,0.0,-13.0,0.0,-,PIT,84.7,0.0,28,29,23,0,100,0,0
MAX DUGGAN,10.1,0.0,0.0,0.0,0.0,NaN%,0.0,0.0,0.0,0.0,0.0,0.0,100,0.0,0.0,0.0,0.0,NaN%,0.0,0.0,0.0,0.0,0.0,-,LAC,85.0,0.0,29,31,25,0,100,0,0
TANNER MCKEE,5.4,0.0,0.0,0.0,0.0,0,0.0,0.0,0.0,0.0,0.0,0.0,91,0.0,0.0,0.0,0.0,0,0.0,0.0,0.0,0.0,0.0,-,PHI,84.6,0.0,17,16,13,0,0,0,0
MATT BARKLEY,8.2,-0.3,0.0,0.0,0.0,NaN%,0.0,3.0,0.0,-3.0,0.0,0.0,95,-0.3,0.0,0.0,0.0,NaN%,0.0,3.0,0.0,-3.0,0.0,-,JAC,85.4,0.0,31,28,31,0,100,0,0
JEFF DRISKEL,18.5,15.9,26.0,13.0,2.0,50%,2.0,7.0,0.0,33.0,3.0,166.0,95,15.9,26.0,13.0,2.0,50%,2.0,7.0,0.0,33.0,3.0,-,WAS,80.0,166.0,13,2,29,0,0,0,3
SHANE BUECHELE,18.2,0.0,0.0,0.0,0.0,0,0.0,0.0,0.0,0.0,0.0,0.0,111,0.0,0.0,0.0,0.0,0,0.0,0.0,0.0,0.0,0.0,-,BUF,86.0,0.0,16,12,19,0,0,0,0
BRETT RYPIEN,2.6,2.9,19.0,9.0,0.5,47%,0.0,1.5,0.0,9.5,1.0,86.0,84,5.8,38.0,18.0,1.0,47%,0.0,3.0,0.0,19.0,2.0,-,CHI,81.7,172.0,4,4,12,0,100,0,3
DEVONTEZ WALKER,10.1,4.2,18.5,9.0,0.8,49%,0.2,2.2,0.0,5.0,1.8,112.3,97,25.0,111.0,54.0,5.0,49%,1.0,13.0,0.0,30.0,11.0,-,SEA,83.3,674.0,12,19,7,0,100,0,3
CARTER BRADLEY,16.0,0.0,0.0,0.0,0.0,0,0.0,0.0,0.0,0.0,0.0,0.0,112,0.0,0.0,0.0,0.0,0,0.0,0.0,0.0,0.0,0.0,-,LV,90.3,0.0,21,21,14,0,0,0,0
TIM BOYLE,7.9,5.0,25.7,16.0,1.3,62%,0.3,1.3,0.0,1.7,3.0,120.0,99,14.9,77.0,48.0,4.0,62%,1.0,4.0,0.0,5.0,9.0,-,HOU,88.3,360.0,27,23,28,0,100,0,0
BRIAN HOYER,12.5,2.3,14.0,7.7,0.7,55%,0.0,1.0,0.0,-1.0,0.3,77.0,110,6.9,42.0,23.0,2.0,55%,0.0,3.0,0.0,-3.0,1.0,-,FA,92.7,231.0,33,33,33,0,100,0,0
NICK FITZGERALD,4.5,0.0,0.0,0.0,0.0,0,0.0,0.0,0.0,0.0,0.0,0.0,90,0.0,0.0,0.0,0.0,0,0.0,0.0,0.0,0.0,0.0,-,FA,85.5,0.0,33,33,33,0,0,0,0
AJ MCCARRON,9.2,0.4,2.5,2.0,0.0,80%,0.0,0.0,0.0,0.0,0.5,9.5,104,0.8,5.0,4.0,0.0,80%,0.0,0.0,0.0,0.0,1.0,-,FA,91.7,19.0,33,33,33,0,100,0,0
BEN SINNOTT,3.5,0.0,0.0,0.0,0.0,0,0.0,0.0,0.0,0.0,0.0,0.0,92,0.0,0.0,0.0,0.0,0,0.0,0.0,0.0,0.0,0.0,-,FA,88.5,0.0,33,33,33,0,0,0,1
MATT CORRAL,3.5,0.0,0.0,0.0,0.0,0,0.0,0.0,0.0,0.0,0.0,0.0,94,0.0,0.0,0.0,0.0,0,0.0,0.0,0.0,0.0,0.0,-,FA,90.5,0.0,33,33,33,0,0,0,0
